epoch,lr,train_loss,train_accuracy,val_loss,val_accuracy
1.0,0.001,0.9132358804345131,0.583984375,0.538162465606417,0.7983193277310925
2.0,0.001,0.7679898897185922,0.6416015625,3.290005896271778,0.10084033613445378
3.0,0.001,0.7127363439649343,0.5712890625,0.9707361189257196,0.10084033613445378
4.0,0.0005,0.6610737489536405,0.5751953125,0.6727836467638737,0.5168067226890757
5.0,0.0005,0.6535455416887999,0.60546875,0.9610992244311741,0.25210084033613445
6.0,0.0005,0.6222217297181487,0.703125,1.2281919026575168,0.19327731092436976
7.0,0.00025,0.600328297354281,0.677734375,0.7352518078659763,0.5126050420168067
8.0,0.00025,0.5473053064197302,0.69921875,0.9976620133183584,0.41596638655462187
9.0,0.00025,0.5283025354146957,0.7294921875,0.6351092352586634,0.6512605042016807
